RNG,SamplesPower,Energy,EnergyDev,Magnetization,Heat,HeatDev,Temperature
mt,5,-1.4525,0.0738723,0.713161,1.49845,0.0059356,2.26918
rnlx0,5,-1.45117,0.0738079,0.712004,1.50497,0.00609168,2.26918
r250,5,-1.45383,0.0739259,0.71519,1.46037,0.00609557,2.26918
